optimizer,seed,final_train_acc,final_val_acc,final_train_loss,final_val_loss,precision,recall,f1,total_seconds,mean_train_images_per_second,max_peak_gpu_memory_mb
SGDA,42,98.45333333333333,97.9,0.048931652849822094,0.06993044251402916,0.9788758745233173,0.9787358939614826,0.9787404275709755,422.1396066052839,13803.807967923596,135.63916015625
SGDA,123,98.48833333333333,98.15,0.04977294897262468,0.0595740274903055,0.9813446388448396,0.9813055118571375,0.9813109672516133,420.2690193853341,14006.094489770327,135.63916015625
SGDA,2026,98.50333333333333,98.1,0.048524618720951505,0.05985354143710618,0.9809941262402244,0.9807617856389805,0.9808650620692803,414.9647065852769,13753.535270890858,135.63916015625
SGDM,42,98.325,97.99,0.05285265341029763,0.06302699554546536,0.9798991357936503,0.9797202878745586,0.9797646186594339,370.4725134540349,15327.823691496063,133.841796875
SGDM,123,98.33333333333333,97.95,0.052902528492392284,0.06517098783780644,0.9793254886850555,0.9794388617481186,0.9793541136296957,371.5584089877084,15278.023046905437,133.841796875
SGDM,2026,98.395,97.98,0.0510000822259419,0.06183443867006115,0.9798012883207285,0.9797067567805687,0.979705200742023,370.4384224070236,15316.984538331282,133.841796875
Adam,42,98.515,97.88,0.046477332985255,0.06602773222669994,0.9786537969570125,0.9785560756809082,0.9785782947791903,402.2508538500406,14725.958515947637,135.63916015625
Adam,123,98.57,98.31,0.045761983140683506,0.05723915969281711,0.983029631535506,0.9829772008655885,0.9829765621041451,399.6590972011909,14851.841175311762,135.63916015625
Adam,2026,98.57666666666667,98.15,0.04425329638462363,0.05841732158950424,0.9813841417678045,0.9812859410215147,0.981315897713381,394.5827834671363,14899.27457972603,135.63916015625
RAdam,42,98.79166666666667,98.06,0.03788087896378175,0.06315742803352908,0.9805207246823532,0.9804414540792179,0.980425442085908,387.02986047323793,15001.712559478348,135.63916015625
RAdam,123,98.71,98.18,0.03895820087856496,0.05433651515101436,0.9818107061702339,0.9815617862583332,0.981657149568958,387.21366794779897,15003.354168015909,135.63916015625
RAdam,2026,98.72166666666666,98.44,0.03991447465180525,0.05315583696846019,0.9843894178264583,0.9842254016886998,0.9842759659548743,373.15816309209913,15168.454947370114,135.63916015625
SGDMD,42,88.25666666666666,88.54,0.3874946030091121,0.37843306240024444,0.8845238567509813,0.8844127772487452,0.8839777871400958,380.8754285699688,14789.472889514507,135.92822265625
SGDMD,123,89.3,89.23,0.3520341215929243,0.3461420645913746,0.8916830130399879,0.8909847101770831,0.8909817325877251,375.50957088393625,15018.518384083238,135.92822265625
SGDMD,2026,88.66833333333334,88.74,0.37861501442979395,0.36909007611154,0.8870453115067202,0.8858286708505654,0.886020579965356,396.27359391981736,14667.972104427143,135.92822265625
SGDAMD,42,98.735,98.26,0.03973283583664699,0.061125824184825976,0.9823502373805064,0.982476240004963,0.9823986980948373,415.68127147620544,13639.518990007371,136.02197265625
SGDAMD,123,98.74166666666666,98.16,0.03911636505913395,0.05834468686299272,0.9815044146456067,0.9814051120148877,0.9814077568895906,397.1811999697238,14063.74655768543,136.02197265625
SGDAMD,2026,98.76666666666667,98.5,0.03903004501922441,0.0473479831733452,0.9850237361996694,0.9847892357181021,0.9848814468101873,395.5247370293364,14050.516758232841,136.02197265625
